variant_id,rsid,pip,cs_size,l2g_gene,gene_used
10_122407996_C_T,rs2421016,0.8313925489201973,3,PLEKHA1,PLEKHA1
17_4082570_G_A,rs8068804,0.7553047376838243,2,ZZEF1,ZZEF1
15_63539670_A_T,rs2058913,0.1831152496937307,55,FBXL22,FBXL22
12_27812217_C_T,rs10842994,0.9998467976146193,1,MANSC4,MANSC4
12_124083909_C_T,rs825476,0.3611943663206575,3,CCDC92,CCDC92
8_94925274_T_C,rs7845219,0.3135902659767069,38,TP53INP1,TP53INP1
8_31000152_T_C,rs12234936,0.1635957018804458,19,WRN,WRN
2_65049318_T_C,rs1009358,0.7291245426559018,6,CEP68,CEP68
10_12213176_G_C,rs7896600,0.9988459044221834,1,CDC123,CDC123
1_229537208_G_A,rs348330,0.9423135393985984,2,ABCB10,ABCB10
16_250642_G_A,rs9940149,0.1285118395954364,30,FAM234A,FAM234A
8_37001668_T_C,rs12681990,0.2988516482409586,13,KCNU1,KCNU1
3_150379848_G_C,rs9844972,0.9965367508819272,1,TSC22D2,TSC22D2
1_213985913_T_C,rs340874,0.9988970681682904,1,PROX1,PROX1
12_121022883_T_A,rs7957197,0.3843248832150225,5,OASL,OASL
2_160280145_A_G,rs7572970,0.7820821680193158,6,RBMS1,RBMS1
22_43981562_A_G,rs4823182,0.7782040674866895,15,SAMM50,SAMM50
6_50849174_G_T,rs72892910,0.2010278554217675,19,TFAP2B,TFAP2B
6_127093693_A_G,rs719727,0.434882104538585,5,RSPO3,RSPO3
1_39447679_A_G,rs2296173,0.1958595137138024,57,MACF1,MACF1
9_22003368_G_A,rs1063192,0.2035946438169887,14,CDKN2B,CDKN2B
10_100216744_G_C,rs11591741,0.1565583419133527,23,CWF19L1,CWF19L1
2_226257202_A_G,rs2943656,0.224890394980414,14,IRS1,ENSG00000235070
16_75209759_G_C,rs72802358,0.3148827457585085,10,CTRB2,CTRB2
2_43402792_G_T,rs7607777,0.2565592307861053,13,THADA,THADA
5_102764872_C_T,rs7729395,0.9999999999629416,1,PAM,PAM
15_89887164_A_G,rs4932261,0.0652001841738431,41,AP3S2,AP3S2
16_81501185_T_C,rs2925979,0.999852268900276,1,CMIP,CMIP
11_2818521_C_T,rs2237892,0.5520596601168778,5,KCNQ1,KCNQ1
10_69726951_T_C,rs10823424,0.1562836107554361,15,COL13A1,COL13A1
17_37739849_T_C,rs11651755,0.4997228621057959,2,HNF1B,HNF1B
3_23413299_A_G,rs1496653,0.9999786554085855,1,UBE2E2,UBE2E2
2_60358671_T_C,rs243019,0.987946576607394,1,BCL11A,BCL11A
19_45655255_T_G,rs8108269,0.9866015933030012,1,GIPR,GIPR
8_41661730_T_C,rs516946,0.7907402481522484,2,ANK1,ANK1
9_4291928_A_C,rs10974438,0.9984587227207332,1,GLIS3,GLIS3
10_69579981_G_A,rs2812545,0.9805036361645502,1,NEUROG3,NEUROG3
9_22134095_T_C,rs10811661,0.9623797318434846,1,CDKN2B,CDKN2B
9_34025642_C_G,rs1758632,0.0164126720994067,94,UBAP2,UBAP2
3_188022735_T_C,rs6808574,0.98369301871035,1,LPP,LPP
6_43797796_A_G,rs1885659,0.9986155373307772,1,VEGFA,VEGFA
7_28156794_G_A,rs849135,0.9999989821932396,1,JAZF1,JAZF1
4_82663343_A_G,rs993380,0.3555004254234884,10,SCD5,SCD5
1_219487193_A_G,rs2820426,0.6669839483633812,5,ZC3H11B,ZC3H11B
3_12353341_C_T,rs1899951,0.4217842992780725,3,PPARG,PPARG
6_126434496_T_G,rs4897182,0.6399130452554062,5,CENPW,CENPW
13_80143021_G_A,rs1359790,0.9961735338827992,1,SPRY2,SPRY2
10_92722319_C_T,rs7923866,0.7058982554069463,2,HHEX,HHEX
4_152332969_C_T,rs7685296,0.417688065975811,8,FBXW7,FBXW7
12_4297115_A_G,rs12299509,0.99947897944236,1,CCND2,CCND2
10_112998197_C_G,rs78025551,1.0,1,TCF7L2,TCF7L2
3_152335461_T_C,rs4472028,0.9842225550831664,1,MBNL1,MBNL1
17_42390483_G_A,rs17405722,0.0412452020613102,34,STAT3,STAT3
2_27518370_T_C,rs780094,0.8381127087380983,2,GCKR,GCKR
5_103419249_C_T,rs13188193,0.9999999996184742,1,PAM,PAM
15_90968030_A_G,rs12910825,0.859117811576699,3,PRC1,PRC1
11_49880189_C_T,rs7483810,0.9961958336044184,1,OR4C13,OR4C13
3_23537103_G_A,rs17013433,0.0304078409537278,196,UBE2E2,UBE2E2
16_69632780_G_A,rs244415,0.5428633931412425,15,NFAT5,NFAT5
19_19296909_T_C,rs10401969,0.6352142127431952,4,MAU2,MAU2
10_112998590_C_T,rs7903146,1.0,1,TCF7L2,TCF7L2
12_123007025_G_A,rs940904,0.7987104721053244,57,ARL6IP4,ARL6IP4
5_54008790_G_T,rs1541681,0.0669008982890577,58,ARL15,ARL15
2_164562859_T_A,rs4599138,0.1730207187409892,12,GRB14,GRB14
12_26310149_C_T,rs11048456,0.1584696966503851,12,SSPN,SSPN
6_7281421_A_G,rs1050226,0.4365982118185222,4,SSR1,SSR1
7_157177915_G_A,rs3802124,0.0216539207448332,77,UBE3C,UBE3C
18_60217517_G_A,rs12970134,0.309004040779935,9,MC4R,MC4R
16_53785257_T_C,rs9936385,0.1589509901400017,16,FTO,FTO
3_12456902_G_A,rs4684859,0.2820869971549494,7,TSEN2,TSEN2
4_184795078_T_C,rs735949,0.2716120560840658,36,ACSL1,ACSL1
9_81694033_G_A,rs2796441,0.9999995587574496,1,TLE1,TLE1
3_186947857_C_T,rs3887925,0.940371717447823,2,ST6GAL1,ST6GAL1
11_128157818_T_G,rs7120121,0.1654805667879896,36,ETS1,ETS1
22_30156824_A_G,rs16988333,0.0950005359666324,127,ASCC2,ASCC2
10_12264216_G_T,rs113945226,0.5003675120843014,6,CAMK1D,CAMK1D
11_92975544_C_G,rs10830963,0.9943484347982166,1,MTNR1B,MTNR1B
5_77131486_G_A,rs6878122,0.7685282881729495,2,ZBED3,ZBED3
3_185812055_T_G,rs112151197,0.5317752996395639,3,IGF2BP2,IGF2BP2
2_65474623_C_A,rs840967,0.5685768927662019,28,SPRED2,SPRED2
6_160345738_T_C,rs622217,0.6850205623769213,9,SLC22A3,SLC22A3
7_44209229_G_A,rs2908282,0.223796186278453,11,YKT6,YKT6
6_20679478_A_G,rs7756992,0.934623197662854,2,CDKAL1,CDKAL1
3_185802790_A_G,rs6767484,0.9960784679245496,1,IGF2BP2,IGF2BP2
5_56510924_A_G,rs459193,0.8659406626774142,2,ANKRD55,ANKRD55
11_72722053_A_C,rs1552224,0.6409863204273595,3,ARAP1,ARAP1
6_43843237_G_A,rs9369425,0.1720128390194591,20,VEGFA,VEGFA
17_48936765_T_C,rs1994970,0.0576461416818763,92,UBE2Z,UBE2Z
12_71039513_C_T,rs7955901,0.5014405682149088,3,TSPAN8,TSPAN8
3_64719689_C_T,rs6795735,0.4504753010584919,5,ADAMTS9,ADAMTS9
8_10775649_A_C,rs10100265,0.054769501517288,93,PINX1,PINX1
12_65818538_C_T,rs2261181,0.9716185189035064,1,HMGA2,HMGA2
7_14858657_C_T,rs17168486,0.9341778456134396,2,DGKB,DGKB
13_32980164_G_A,rs576674,0.7429076500817642,5,KL,KL
7_130744427_T_A,rs13234269,0.0558691973002324,33,KLF14,KLF14
17_17750097_T_C,rs12945601,0.2040492392776171,13,RAI1,RAI1
1_51041214_A_G,rs12088739,0.4679382775109645,5,CDKN2C,CDKN2C
5_14847222_G_A,rs1061813,0.7751412490593481,4,ANKH,ANKH
7_117870567_C_T,rs13239186,0.2642626579790658,14,CTTNBP2,CTTNBP2
11_128529043_C_T,rs67232546,0.4721562188507537,6,ETS1,ETS1
1_119928601_A_G,rs2493394,0.0992267571546208,19,NOTCH2,NOTCH2
5_56560548_G_T,rs3843467,0.6930254645487349,3,MAP3K1,MAP3K1
2_164672366_C_T,rs13389219,0.5301622635609947,3,GRB14,GRB14
12_65964567_C_T,rs1042725,0.584929861039597,3,HMGA2,HMGA2
2_622827_T_C,rs2867125,0.0718230017091457,63,TMEM18,TMEM18
3_123346931_A_G,rs11708067,0.9750865551636096,1,ADCY5,ADCY5
2_120552183_C_T,rs12617659,0.7085574307371846,5,INHBB,INHBB
7_15013235_T_C,rs6960043,0.4692828260106476,12,DGKB,DGKB
10_79205218_T_C,rs753270,0.7255010717074177,17,ZMIZ1,ZMIZ1
8_117172786_G_A,rs3802177,0.5951452900914075,2,SLC30A8,SLC30A8
15_77540420_G_A,rs7177055,0.9262385612271944,2,HMG20A,HMG20A
10_113002305_G_T,rs6585197,1.0,1,TCF7L2,TCF7L2
20_46970451_C_G,rs55966194,0.1447674157967117,11,EYA2,EYA2
3_185792330_C_T,rs11925294,1.0,1,IGF2BP2,IGF2BP2
9_79284065_A_G,rs17791483,0.2963584823240555,17,TLE4,TLE4
4_103067742_G_T,rs7674212,0.1752111272354523,85,SLC9B2,SLC9B2
11_128366163_C_A,rs7931302,0.9965185595804208,1,ETS1,ETS1
8_9331252_C_T,rs11774915,0.8086976385130549,18,PPP1R3B,PPP1R3B
