variant_id,rsid,pip,l2g_gene,cs_size
1_19845367_G_A,rs6426833,1.0,RNF186,1
1_19887472_A_G,rs10916664,1.0,OTUD3,1
6_33748177_G_C,rs78279732,0.9919434796172321,IP6K3,1
1_67251268_C_T,rs112106127,0.9999999933788787,IL23R,1
20_44436388_A_C,rs6017342,1.0,TTPAL,1
7_5526855_ACCT_A,rs140643804,1.0,ACTB,1
1_206770623_C_A,rs3024493,0.7749936104931664,IL10,2
21_39094818_G_A,rs2836883,0.9983480805101314,PSMG1,1
7_5317273_G_A,rs182333768,1.0,TNRC18,1
10_99533711_A_C,rs7911680,0.8920701475481113,NKX2-3,3
1_161499264_G_C,rs6658353,0.960328494163829,FCGR2A,1
1_19816373_C_T,rs3806308,0.2797276805308256,RNF186,6
1_19899046_A_G,rs113985555,1.0,OTUD3,1
3_49606579_C_T,rs11917431,1.0,BSN,1
5_159399784_C_A,rs6871626,0.9961614716563414,IL12B,1
12_68085433_G_A,rs12815372,1.0,IFNG,1
9_114796423_C_T,rs6478108,1.0,TNFSF15,1
3_49353807_C_T,rs11711536,0.9999832576923845,DAG1,1
6_34492717_G_A,rs117499308,0.8991657102753144,PACSIN1,2
17_39881926_C_T,rs4795398,1.0,ZPBP2,1
6_34252249_G_T,rs951509,1.0,SMIM29,1
1_22376542_T_C,rs10493013,0.4768729568894664,ZBTB40,5
16_85980635_T_C,rs16940202,0.9991347137620448,IRF8,1
7_107849317_G_A,rs10263242,0.5258589260388746,DLD,4
6_33769739_T_A,rs79649996,1.0,IP6K3,1
13_26968139_C_A,rs3897233,0.9999887180074214,GPR12,1
9_5172907_G_T,rs11791350,0.9999994912106034,INSL6,1
2_60970260_G_A,rs10191548,1.0,PUS10,1
20_63697746_G_A,rs6062496,0.9999999999215278,TNFRSF6B,1
1_67264372_A_G,rs6669582,1.0,IL12RB2,1
6_35751060_C_T,rs2766552,0.9985239576712972,CLPSL2,1
11_76588150_G_T,rs2155219,0.9980857853178868,LRRC32,1
1_200908434_C_A,rs7554511,1.0,INAVA,1
6_35494636_C_T,rs75490822,1.0,TEAD3,1
5_159347957_C_A,rs983825,0.4550746099761745,IL12B,6
10_99543306_C_T,rs10883374,1.0,NKX2-3,1
7_107941491_A_G,rs4730281,1.0,LAMB1,1
5_159407359_G_T,rs60689680,0.9998908582534789,IL12B,1
1_206796432_G_A,rs4845136,0.9609405134999013,IL19,1
9_114856934_T_C,rs7040029,0.9999999936258065,TNFSF15,1
17_42347140_C_T,rs8081037,0.9997584876777473,STAT3,1
22_39266475_T_C,rs9611131,0.9999989535809637,PDGFB,1
6_25461815_C_A,rs150044035,1.0,CARMIL1,1
6_35685273_T_C,rs143646441,1.0,FKBP5,1
6_35124163_T_G,rs80346324,1.0,TCP11,1
6_137652695_C_T,rs928722,0.8747363328340803,OLIG3,2
17_39917778_T_C,rs9303280,1.0,GSDMB,1
22_50003556_A_C,rs5771192,1.0,IL17REL,1
19_33263138_G_A,rs10408351,1.0,SLC7A10,1
6_34269021_G_A,rs138983639,1.0,SMIM29,1
22_39333244_G_A,rs28591484,0.6126897544733432,SYNGR1,4
5_150880269_T_C,rs1428552,0.775158516284372,IRGM,2
1_7981230_C_T,rs67717282,0.9662711024570655,PARK7,1
19_33260220_T_TC,rs138636798,0.9859807791177561,SLC7A10,1
7_5311037_T_C,rs34022406,1.0,TNRC18,1
2_240645337_G_C,rs10933625,0.61903926952836,GPR35,2
7_2838876_A_G,rs1182171,0.9994528179208676,GNA12,1
1_161593262_G_A,rs116307552,1.0,FCGR2C,1
7_128932712_G_A,rs4731532,1.0,IRF5,1
21_15414477_C_T,rs2823257,0.99999460033362,USP25,1
2_60927190_T_C,rs3732179,1.0,REL,1
11_114558061_G_A,rs2045241,1.0,NXPE1,1
2_198918220_G_T,rs7571513,0.9724149253393671,SATB2,1
19_33267442_G_A,rs10412449,0.9974286865920634,SLC7A10,1
6_36709477_C_T,rs117238792,1.0,RAB44,1
20_44433517_C_T,rs6073437,1.0,TTPAL,1
20_63730385_G_A,rs2427530,1.0,LIME1,1
7_5670796_C_T,rs4415230,0.9999999940951058,RNF216,1
1_206789333_T_A,rs67226021,0.8566885056218669,IL19,2
14_87978408_G_A,rs55808324,0.14700657701864275,GALC,17
20_63722792_C_T,rs6011057,1.0,TNFRSF6B,1
6_36935947_C_T,rs79762049,0.9112243455949887,,2
21_44196392_G_C,rs4317019,0.9999999734527596,ICOSLG,1
1_161522658_T_C,rs12117125,1.0,FCGR2A,1
7_128939148_T_C,rs3807307,0.9999999759544383,IRF5,1
4_105178652_T_C,rs2903386,0.546792972068052,TET2,4
22_21610472_G_A,rs4821112,0.9999247089841243,UBE2L3,1
6_111550755_G_A,rs79052344,0.999999995862254,TRAF3IP2,1
5_135115627_C_G,rs17659254,0.20288518750471501,PITX1,13
2_102431697_G_A,rs56331791,0.9997178661001646,IL18RAP,1
5_132461230_G_A,rs11745587,0.9663878399974811,IRF1,1
1_200108907_G_T,rs2816980,0.9999522118553351,NR5A2,1
1_2777410_T_C,rs10909957,0.9999790640585787,TTC34,1
10_89170479_G_A,rs10887922,0.04337633978126662,CH25H,35
15_90641566_G_A,rs7171533,0.3191133076188344,CRTC3,4
2_218123338_G_A,rs4672872,1.0,CXCR2,1
1_151820698_G_T,rs11204894,1.0,RORC,1
1_151829204_G_A,rs4845604,1.0,RORC,1
6_22065988_G_A,rs16885518,0.2270474780815226,PRL,7
5_40414317_C_T,rs1445004,0.998795663883928,PTGER4,1
16_23862880_A_T,rs72777936,0.9994723822629915,PRKCB,1
11_1853062_G_A,rs907613,0.15020676070790387,LSP1,8
2_25265950_T_A,rs7578575,0.7584093017916413,DNMT3A,5
16_11606244_C_T,rs34835672,0.2741026016823046,LITAF,7
16_30328432_G_A,rs77948921,0.9999999999454303,NPIPB13,1
10_96860106_T_G,rs11188950,0.072368759341214,LCOR,19
5_40406883_C_T,rs6896243,0.9985891609730884,PTGER4,1
1_151816019_G_A,rs78703675,0.9497930406934597,RORC,2
15_67163292_C_T,rs56062135,0.35499835904898003,SMAD3,6
5_177363161_A_G,rs67111717,0.2082009854217679,RGS14,9
6_20657114_T_C,rs2328546,0.3601731411806904,CDKAL1,10
5_38867630_C_T,rs395157,0.999702344467784,OSMR,1
5_111662914_T_A,rs148102932,1.0,NREP,1
5_150230409_G_A,rs1549913,0.3263402207166028,CAMK2A,6
5_172897975_G_A,rs564349,0.3490024050001091,ERGIC1,6
6_21385471_T_C,rs4710973,0.28918960222952855,SOX4,7
7_50267738_A_G,rs4385425,0.4997266757619766,IKZF1,7
10_34998633_G_T,rs35848945,1.0,CUL2,1
18_12823057_G_T,rs547268,0.19903714440780174,PTPN2,16
15_67027983_T_A,rs116986130,0.9961410632681935,SMAD3,1
13_40705988_T_TTTTAA,rs75700596,0.8862226254571404,FOXO1,2
17_72643045_G_A,rs8072795,0.999966036113672,SLC39A11,1
9_136353764_A_G,rs28578070,0.9999999995876578,GPSM1,1
19_33244575_T_C,rs10407282,0.9994113852382812,SLC7A10,1
3_46402787_G_A,rs2027820,0.9995667374860234,CCRL2,1
6_19787512_G_A,rs181635615,0.9998677638473944,ID4,1
7_41935319_C_T,rs1990134,0.37642868834746834,INHBA,8
22_35278918_G_A,rs8142763,0.8642702873752439,HMGXB4,2
10_79293803_G_A,rs1250559,0.3706189389927494,ZMIZ1,21
16_28846324_A_G,rs7187776,1.0,TUFM,1
7_46834111_A_T,rs6976037,0.08827486234954747,TNS3,73
22_29857267_G_T,rs4993442,0.9999996826555211,ASCC2,1
6_167026640_C_T,rs2282861,0.9780278467822591,CEP43,1
10_58243611_T_C,rs2790211,0.9999999999890861,IPMK,1
22_39289445_A_G,rs137591,0.36240821100675613,PDGFB,4
7_7527977_A_G,rs142839031,1.0,COL28A1,1
7_50284441_G_T,rs6964608,0.8861987256203855,IKZF1,2
19_54871595_G_A,rs11672983,0.36414255378927085,FCAR,13
19_10414696_G_A,rs142770866,1.0,PDE4A,1
14_65142694_C_G,rs4902367,0.30776545619072954,MAX,41
11_61837310_A_T,rs2524299,0.3072949558217686,FADS2,11
6_14725005_A_G,rs9370777,0.9951649185584253,,1
3_46391756_A_G,rs112982903,0.7699576756771077,CCRL2,2
6_116447754_A_G,rs2858829,0.5623209675296383,CALHM6,22
6_106026874_C_T,rs4946717,1.0,PRDM1,1
5_10706040_A_G,rs900535,0.9999595087532467,DAP,1
16_11255821_C_T,rs243332,0.7773295007441521,SOCS1,2
5_178217126_CAG_C,rs55982276,0.35871451240724284,PHYKPL,6
6_21887950_G_A,rs11757605,0.31515859792640755,SOX4,6
7_6429837_G_A,rs183635473,0.999999959855729,DAGLB,1
16_68552074_T_TA,rs34473050,1.0,ZFP90,1
8_48222616_A_T,rs76846479,0.7376186087876194,UBE2V2,3
1_70542243_G_A,rs9424945,0.7033877975757609,CTH,2
10_62637778_T_C,rs16917546,0.976866864733606,ADO,1
6_36232910_C_T,rs4713937,1.0,BRPF3,1
13_40862970_A_C,rs7332558,0.999902054188271,SLC25A15,1
10_30433979_G_C,rs306587,0.7635543696560813,MAP3K8,4
1_200113827_G_A,rs2249172,0.990920936168637,NR5A2,1
14_68835682_G_A,rs4288924,0.08464908159229384,ZFP36L1,21
2_227796170_C_T,rs7593478,0.9975811371489671,CCL20,1
